GROUP,PACKAGE,CLASS,INSTRUCTION_MISSED,INSTRUCTION_COVERED,BRANCH_MISSED,BRANCH_COVERED,LINE_MISSED,LINE_COVERED,COMPLEXITY_MISSED,COMPLEXITY_COVERED,METHOD_MISSED,METHOD_COVERED
edEXT - Servidor Central,logica,EdicionCurso,105,0,4,0,37,0,21,0,19,0
edEXT - Servidor Central,logica,ManejadorUsuario,97,0,8,0,32,0,10,0,6,0
edEXT - Servidor Central,logica,Usuario,25,46,0,0,9,19,6,9,6,9
edEXT - Servidor Central,logica,Categoria,39,0,0,0,14,0,8,0,8,0
edEXT - Servidor Central,logica,DTUsuario,56,0,0,0,24,0,12,0,12,0
edEXT - Servidor Central,logica,ManejadorCurso,97,0,8,0,32,0,10,0,6,0
edEXT - Servidor Central,logica,Instituto,45,0,0,0,12,0,9,0,9,0
edEXT - Servidor Central,logica,Docente,45,23,0,0,11,5,7,1,7,1
edEXT - Servidor Central,logica,ServidorCentral,252,0,0,0,59,0,43,0,43,0
edEXT - Servidor Central,logica,Inscripcion,33,0,0,0,15,0,8,0,8,0
edEXT - Servidor Central,logica,ControladorCurso,385,0,78,0,87,0,46,0,7,0
edEXT - Servidor Central,logica,Curso,151,0,0,0,45,0,25,0,25,0
edEXT - Servidor Central,logica,ProgramaFormacion,80,0,0,0,23,0,15,0,15,0
edEXT - Servidor Central,logica,DTAutenticacion,0,21,0,0,0,8,0,4,0,4
edEXT - Servidor Central,logica,Estudiante,27,13,0,0,9,3,6,1,6,1
edEXT - Servidor Central,logica,Contrasenas,7,153,6,24,2,34,6,14,0,5
edEXT - Servidor Central,logica,DTAutenticacion.Rol,0,15,0,0,0,1,0,1,0,1
edEXT - Servidor Central,logica,ControladorUsuario,174,248,36,44,42,53,39,19,10,8
